-- phpMyAdmin SQL Dump
-- version 5.0.4
-- https://www.phpmyadmin.net/
--
-- Host: 127.0.0.1
-- Waktu pembuatan: 26 Apr 2021 pada 20.39
-- Versi server: 10.4.17-MariaDB
-- Versi PHP: 8.0.0

SET SQL_MODE = "NO_AUTO_VALUE_ON_ZERO";
START TRANSACTION;
SET time_zone = "+00:00";


/*!40101 SET @OLD_CHARACTER_SET_CLIENT=@@CHARACTER_SET_CLIENT */;
/*!40101 SET @OLD_CHARACTER_SET_RESULTS=@@CHARACTER_SET_RESULTS */;
/*!40101 SET @OLD_COLLATION_CONNECTION=@@COLLATION_CONNECTION */;
/*!40101 SET NAMES utf8mb4 */;

--
-- Database: `silumni`
--

-- --------------------------------------------------------

--
-- Struktur dari tabel `admin`
--

CREATE TABLE `admin` (
  `id` int(5) NOT NULL,
  `nama` varchar(50) NOT NULL,
  `username` varchar(25) NOT NULL,
  `password` text NOT NULL,
  `telp` varchar(13) NOT NULL,
  `foto` text NOT NULL
) ENGINE=InnoDB DEFAULT CHARSET=latin1;

--
-- Dumping data untuk tabel `admin`
--

INSERT INTO `admin` (`id`, `nama`, `username`, `password`, `telp`, `foto`) VALUES
(2, 'Admin', 'Admin', '21232f297a57a5a743894a0e4a801fc3', '0895368200241', 'profile-pic.jpg'),
(3, 'sdada', 'dsasd', 'dasd', 'dsads', ''),
(4, 'sdadas', 'kades', '0cfa66469d25bd0d9e55d7ba583f9f2f', '4232', 'FB_IMG_16075170511191.jpg'),
(5, 'dssd', 'tes', '28b662d883b6d76fd96e4ddc5e9ba780', '0897', '');

-- --------------------------------------------------------

--
-- Struktur dari tabel `agenda`
--

CREATE TABLE `agenda` (
  `id_agenda` int(5) NOT NULL,
  `judul_agenda` varchar(100) NOT NULL,
  `isi` text NOT NULL,
  `waktu` timestamp NOT NULL DEFAULT current_timestamp(),
  `status` int(11) NOT NULL,
  `gambar` text NOT NULL
) ENGINE=InnoDB DEFAULT CHARSET=latin1;

--
-- Dumping data untuk tabel `agenda`
--

INSERT INTO `agenda` (`id_agenda`, `judul_agenda`, `isi`, `waktu`, `status`, `gambar`) VALUES
(8, 'Perayaan Tahun Baru 2020', '<p>Isi Perayaan Tahun Baru&nbsp;2020</p>', '2020-12-31 03:00:00', 0, '18380071_1681687648804216_5328500082851446784_n.jpg');

-- --------------------------------------------------------

--
-- Struktur dari tabel `album`
--

CREATE TABLE `album` (
  `id_album` int(11) NOT NULL,
  `nama_album` varchar(100) NOT NULL
) ENGINE=InnoDB DEFAULT CHARSET=latin1;

--
-- Dumping data untuk tabel `album`
--

INSERT INTO `album` (`id_album`, `nama_album`) VALUES
(1, 'Undangan'),
(4, 'Reuni');

-- --------------------------------------------------------

--
-- Struktur dari tabel `alumni`
--

CREATE TABLE `alumni` (
  `id` int(11) NOT NULL,
  `username` varchar(20) NOT NULL,
  `password` text DEFAULT NULL,
  `nama_lengkap` varchar(30) DEFAULT NULL,
  `jenis_kelamin` enum('Laki-laki','Perempuan') DEFAULT NULL,
  `email` varchar(30) DEFAULT NULL,
  `telp` varchar(13) DEFAULT NULL,
  `tempat_lahir` varchar(30) DEFAULT NULL,
  `tanggal_lahir` date DEFAULT NULL,
  `tahun_lulus` int(4) DEFAULT NULL,
  `id_asrama` int(5) DEFAULT NULL,
  `id_kabupaten` int(4) DEFAULT NULL,
  `id_provinsi` int(4) DEFAULT NULL,
  `agama` enum('Islam','Kristen','Katholik','Hindu','Budha') DEFAULT NULL,
  `profesi` varchar(30) DEFAULT NULL,
  `tempat_kerja` varchar(150) NOT NULL,
  `alamat` text DEFAULT NULL,
  `foto` text DEFAULT NULL
) ENGINE=InnoDB DEFAULT CHARSET=latin1;

--
-- Dumping data untuk tabel `alumni`
--

INSERT INTO `alumni` (`id`, `username`, `password`, `nama_lengkap`, `jenis_kelamin`, `email`, `telp`, `tempat_lahir`, `tanggal_lahir`, `tahun_lulus`, `id_asrama`, `id_kabupaten`, `id_provinsi`, `agama`, `profesi`, `tempat_kerja`, `alamat`, `foto`) VALUES
(1, '9950012400', '4f6491f3d61bbb5b4e5e37390552aff9', 'Randi', 'Laki-laki', 'randi@gmail.com', '123456', 'Klaten', '1995-08-17', 2013, 1, 3310, 33, 'Islam', 'Nganggur', '', 'Noroyudan RT 11 RW 06, Ds. Keprabon, Kec. Polanharjo', '16_22_1837.jpg'),
(2, '9950012401', 'b2df38d2f80b3db70955bf56e67043f0', 'Bayu Nugroho', 'Laki-laki', 'BayuNugroho@gmail.com', '654321', 'Solo', '1992-06-10', 2010, 2, 3372, 33, 'Kristen', 'Bekerja', 'Kang Sate', 'Solo', 'Model-1.jpg'),
(3, '9950012402', '47c2bec822c9a31168e2eeac4561f7be', 'Ratu Tisha', 'Perempuan', 'RatuTisha@gmail.com', '7890', 'Bandung', '1989-02-09', 2007, 3, 3173, 31, 'Islam', 'Bekerja', 'Kang Parkir', 'Jakarta', '18252529_321597508257501_2411866905435439104_n.jpg'),
(21, '89753275025', '9855f5cdff0306ae33a49f89e087ccbc', 'Moh syukri', 'Laki-laki', 'syukrimeizar@gmail.com', '0812668871024', 'Winong', '0000-00-00', 2016, 1, 1101, 11, 'Islam', 'Bekerja', 'Kasir Indomaret dulunya', 'Jalan buncis\r\nKec.marpoyan damai', NULL);

-- --------------------------------------------------------

--
-- Struktur dari tabel `asrama`
--

CREATE TABLE `asrama` (
  `id_asrama` int(5) NOT NULL,
  `nama_asrama` varchar(25) NOT NULL,
  `singkatan` varchar(25) NOT NULL
) ENGINE=InnoDB DEFAULT CHARSET=latin1;

--
-- Dumping data untuk tabel `asrama`
--

INSERT INTO `asrama` (`id_asrama`, `nama_asrama`, `singkatan`) VALUES
(1, 'Pendidikan Ekonomi', 'PEKON'),
(2, 'Pendidikan Paud', 'PG-P'),
(5, 'sdsd', 'ds'),
(6, 'adsasdas', 'sd');

-- --------------------------------------------------------

--
-- Struktur dari tabel `berita`
--

CREATE TABLE `berita` (
  `id_berita` int(11) NOT NULL,
  `judul_berita` varchar(100) NOT NULL,
  `penulis` varchar(25) NOT NULL,
  `isi` text NOT NULL,
  `tanggal` date NOT NULL,
  `status` int(11) NOT NULL,
  `gambar` text NOT NULL
) ENGINE=InnoDB DEFAULT CHARSET=latin1;

--
-- Dumping data untuk tabel `berita`
--

INSERT INTO `berita` (`id_berita`, `judul_berita`, `penulis`, `isi`, `tanggal`, `status`, `gambar`) VALUES
(7, 'Apel Pagi Bersama Bupati Klaten Di UNIVERSITAS PANCASILA', 'Admin', '<p>Kamis (4/3) UNIVERSITAS PANCASILA kedatangan tamu istimewa. Bapak Bupati Klaten berkenan hadir untuk melakukan apel pagi di&nbsp;kampus tercinta ini. Di mulai sekitar jam 08.00 Wib Bapak Sunarno memimpin apel yang diikuti oleh seluruh mahasiswa UNIVERSITAS PANCASILA beserta dosen dan karyawan.</p>\r\n<p>Dalam sambutanya, Bapak Sunarno menekankan kepada siswa untuk selalu berkomitmen dengan apa yang menjadi kewajibanya. &rdquo; sebagai seorang mahasiswa harus menjalankan apa yang menjadi kewajiban. seperti belajar yang giat&rdquo; jelas Bapak Sunarno.</p>\r\n<p>Sebelum acara berakhir, Bapak Sunarno berkesempatan memberikan kenang-kenangan kepada UNIVERSITAS PANCASILA dan penyematan PIN. Setelah itu acara di akhiri dengan acara jabat tangan seluruh mahasiswa kepada Bapak Sunarno.</p>', '2020-12-31', 0, 'profile-pic.jpg');

-- --------------------------------------------------------

--
-- Struktur dari tabel `config`
--

CREATE TABLE `config` (
  `id_config` int(11) NOT NULL,
  `title` varchar(50) NOT NULL,
  `content` text NOT NULL
) ENGINE=InnoDB DEFAULT CHARSET=latin1;

--
-- Dumping data untuk tabel `config`
--

INSERT INTO `config` (`id_config`, `title`, `content`) VALUES
(1, 'logo header', 'banner-smansari.png'),
(2, 'title_home', '<p>IKATAN ALUMNI UNIVERSITAS PANCASILA</p>'),
(3, 'sambutan', '<p><em>Assalam mu’alaikum wr. wb.</em></p>\r\n<p>Puji syukur rahmat dan karunia Allah SWT sehingga kami dapat menerbitkan website resmi Alumni UNIVERSITAS PANCASILA sebagai sarana informasi dan komunikasi alumni.</p>\r\n<p>Website ini merupakan sarana bagi para alumni UNIVERSITAS PANCASILA untuk saling berkomunikasi dan mendapatkan informasi-informasi mengenai berita dan agenda tentang alumni. Website ini juga dapat digunakan oleh pihak masyarakat umum untuk mendapat informasi di website ini. Bagi alumni UNIVERSITAS PANCASILA diwajibkan untuk melakukan pendaftaran sebelum dapat memanfaatkan fasilitas-fasilitas yang tersedia.<br><br>Kami berharap, dengan adanya media layanan informasi situs ini semoga dapat mewujudkan hubungan silaturahmi yang lebih erat lagi, menambah wawasan, mempermudah dan mempercepat proses dalam mendapatkan info yang dibutuhkan.</p>\r\n<p><em>Wassalam mu’alaikum wr. wb.</em></p>'),
(4, 'kepsek', '<p>Kepala Rektor UNIVERSITAS PANCASILA</p>'),
(5, 'foto_kepsek', 'profile-pic.jpg'),
(6, 'teks_kontak', '<p>Telp. (021) 551584 <br>Email : alumni@pancasila.ac.id</p>'),
(7, 'Visi', '<p>Alumni adalah bagian integral dari komunitas besar kami yang memiliki hubungan dengan UNIVERSITAS PANCASILA. Alumni adalah merupakan orang-orang yang memberikan kontribusi signifikan terhadap UNIVERSITAS PANCASILA.</p>'),
(8, 'footer', '<p>© 2020 IKATAN ALUMNI UNIVERSITAS PANCASILA - All Rights Reserved.</p>'),
(9, 'Misi', '<p>Kami ingin memelihara hubungan antara UNIVERSITAS PANCASILA dengan alumni yang tinggal di Indonesia dan di luar negeri. Kami menyediakan alat bagi alumni agar tetap terhubung dengan teman-teman semasa bersekolah di UNIVERSITAS PANCASILA dan bahkan menemukan teman-teman baru dengan kesamaan minat dan tujuan melalui kegiatan alumni lain yang diadakan di Klaten dan sekitarnya. Dengan tetap terhubung, kami menyambut ide-ide Anda untuk meningkatkan program kami agar relevan bagi alumni dan siswa UNIVERSITAS PANCASILA di masa depan. Selain itu kami juga berharap dapatmembuat Anda tetap terhubung dengan informasi tentang perkembangan yang terjadi di UNIVERSITAS PANCASILA.</p>'),
(10, 'slider1', '12.jpg'),
(11, 'slider2', '21.jpg');

-- --------------------------------------------------------

--
-- Struktur dari tabel `galeri`
--

CREATE TABLE `galeri` (
  `id_galeri` int(11) NOT NULL,
  `judul` varchar(50) DEFAULT NULL,
  `gambar` text NOT NULL,
  `id_album` int(11) DEFAULT NULL
) ENGINE=InnoDB DEFAULT CHARSET=latin1;

--
-- Dumping data untuk tabel `galeri`
--

INSERT INTO `galeri` (`id_galeri`, `judul`, `gambar`, `id_album`) VALUES
(75, '18160793_1969646479924917_2833989665814478848_n1.j', '18160793_1969646479924917_2833989665814478848_n1.jpg', 1),
(76, '18160492_1855144614808738_7066450120912404480_n1.j', '18160492_1855144614808738_7066450120912404480_n1.jpg', 1),
(77, '14063588_287379445053498_236549236542406656_n.jpg', '14063588_287379445053498_236549236542406656_n.jpg', 4),
(78, '17934334_1430767720312595_499883327956713472_n.jpg', '17934334_1430767720312595_499883327956713472_n.jpg', 4);

-- --------------------------------------------------------

--
-- Struktur dari tabel `kabupaten`
--

CREATE TABLE `kabupaten` (
  `id_kabupaten` int(4) NOT NULL,
  `id_provinsi` int(4) NOT NULL,
  `nama_kabupaten` varchar(30) NOT NULL
) ENGINE=InnoDB DEFAULT CHARSET=latin1;

--
-- Dumping data untuk tabel `kabupaten`
--

INSERT INTO `kabupaten` (`id_kabupaten`, `id_provinsi`, `nama_kabupaten`) VALUES
(1101, 11, 'Kab. Simeulue'),
(1102, 11, 'Kab. Aceh Singkil'),
(1103, 11, 'Kab. Aceh Selatan'),
(1104, 11, 'Kab. Aceh Tenggara'),
(1105, 11, 'Kab. Aceh Timur'),
(1106, 11, 'Kab. Aceh Tengah'),
(1107, 11, 'Kab. Aceh Barat'),
(1108, 11, 'Kab. Aceh Besar'),
(1109, 11, 'Kab. Pidie'),
(1110, 11, 'Kab. Bireuen'),
(1111, 11, 'Kab. Aceh Utara'),
(1112, 11, 'Kab. Aceh Barat Daya'),
(1113, 11, 'Kab. Gayo Lues'),
(1114, 11, 'Kab. Aceh Tamiang'),
(1115, 11, 'Kab. Nagan Raya'),
(1116, 11, 'Kab. Aceh Jaya'),
(1117, 11, 'Kab. Bener Meriah'),
(1118, 11, 'Kab. Pidie Jaya'),
(1171, 11, 'Kota Banda Aceh'),
(1172, 11, 'Kota Sabang'),
(1173, 11, 'Kota Langsa'),
(1174, 11, 'Kota Lhokseumawe'),
(1175, 11, 'Kota Subulussalam'),
(1201, 12, 'Kab. Nias'),
(1202, 12, 'Kab. Mandailing Natal'),
(1203, 12, 'Kab. Tapanuli Selatan'),
(1204, 12, 'Kab. Tapanuli Tengah'),
(1205, 12, 'Kab. Tapanuli Utara'),
(1206, 12, 'Kab. Toba Samosir'),
(1207, 12, 'Kab. Labuhan Batu'),
(1208, 12, 'Kab. Asahan'),
(1209, 12, 'Kab. Simalungun'),
(1210, 12, 'Kab. Dairi'),
(1211, 12, 'Kab. Karo'),
(1212, 12, 'Kab. Deli Serdang'),
(1213, 12, 'Kab. Langkat'),
(1214, 12, 'Kab. Nias Selatan'),
(1215, 12, 'Kab. Humbang Hasundutan'),
(1216, 12, 'Kab. Pakpak Bharat'),
(1217, 12, 'Kab. Samosir'),
(1218, 12, 'Kab. Serdang Bedagai'),
(1219, 12, 'Kab. Batu Bara'),
(1220, 12, 'Kab. Padang Lawas Utara'),
(1221, 12, 'Kab. Padang Lawas'),
(1222, 12, 'Kab. Labuhan Batu Selatan'),
(1223, 12, 'Kab. Labuhan Batu Utara'),
(1224, 12, 'Kab. Nias Utara'),
(1225, 12, 'Kab. Nias Barat'),
(1271, 12, 'Kota Sibolga'),
(1272, 12, 'Kota Tanjung Balai'),
(1273, 12, 'Kota Pematang Siantar'),
(1274, 12, 'Kota Tebing Tinggi'),
(1275, 12, 'Kota Medan'),
(1276, 12, 'Kota Binjai'),
(1277, 12, 'Kota Padangsidimpuan'),
(1278, 12, 'Kota Gunungsitoli'),
(1301, 13, 'Kab. Kepulauan Mentawai'),
(1302, 13, 'Kab. Pesisir Selatan'),
(1303, 13, 'Kab. Solok'),
(1304, 13, 'Kab. Sijunjung'),
(1305, 13, 'Kab. Tanah Datar'),
(1306, 13, 'Kab. Padang Pariaman'),
(1307, 13, 'Kab. Agam'),
(1308, 13, 'Kab. Lima Puluh Kota'),
(1309, 13, 'Kab. Pasaman'),
(1310, 13, 'Kab. Solok Selatan'),
(1311, 13, 'Kab. Dharmasraya'),
(1312, 13, 'Kab. Pasaman Barat'),
(1371, 13, 'Kota Padang'),
(1372, 13, 'Kota Solok'),
(1373, 13, 'Kota Sawah Lunto'),
(1374, 13, 'Kota Padang Panjang'),
(1375, 13, 'Kota Bukittinggi'),
(1376, 13, 'Kota Payakumbuh'),
(1377, 13, 'Kota Pariaman'),
(1401, 14, 'Kab. Kuantan Singingi'),
(1402, 14, 'Kab. Indragiri Hulu'),
(1403, 14, 'Kab. Indragiri Hilir'),
(1404, 14, 'Kab. Pelalawan'),
(1405, 14, 'Kab. S I A K'),
(1406, 14, 'Kab. Kampar'),
(1407, 14, 'Kab. Rokan Hulu'),
(1408, 14, 'Kab. Bengkalis'),
(1409, 14, 'Kab. Rokan Hilir'),
(1410, 14, 'Kab. Kepulauan Meranti'),
(1471, 14, 'Kota Pekanbaru'),
(1473, 14, 'Kota D U M A I'),
(1501, 15, 'Kab. Kerinci'),
(1502, 15, 'Kab. Merangin'),
(1503, 15, 'Kab. Sarolangun'),
(1504, 15, 'Kab. Batang Hari'),
(1505, 15, 'Kab. Muaro Jambi'),
(1506, 15, 'Kab. Tanjung Jabung Timur'),
(1507, 15, 'Kab. Tanjung Jabung Barat'),
(1508, 15, 'Kab. Tebo'),
(1509, 15, 'Kab. Bungo'),
(1571, 15, 'Kota Jambi'),
(1572, 15, 'Kota Sungai Penuh'),
(1601, 16, 'Kab. Ogan Komering Ulu'),
(1602, 16, 'Kab. Ogan Komering Ilir'),
(1603, 16, 'Kab. Muara Enim'),
(1604, 16, 'Kab. Lahat'),
(1605, 16, 'Kab. Musi Rawas'),
(1606, 16, 'Kab. Musi Banyuasin'),
(1607, 16, 'Kab. Banyu Asin'),
(1608, 16, 'Kab. Ogan Komering Ulu Selatan'),
(1609, 16, 'Kab. Ogan Komering Ulu Timur'),
(1610, 16, 'Kab. Ogan Ilir'),
(1611, 16, 'Kab. Empat Lawang'),
(1671, 16, 'Kota Palembang'),
(1672, 16, 'Kota Prabumulih'),
(1673, 16, 'Kota Pagar Alam'),
(1674, 16, 'Kota Lubuklinggau'),
(1701, 17, 'Kab. Bengkulu Selatan'),
(1702, 17, 'Kab. Rejang Lebong'),
(1703, 17, 'Kab. Bengkulu Utara'),
(1704, 17, 'Kab. Kaur'),
(1705, 17, 'Kab. Seluma'),
(1706, 17, 'Kab. Mukomuko'),
(1707, 17, 'Kab. Lebong'),
(1708, 17, 'Kab. Kepahiang'),
(1709, 17, 'Kab. Bengkulu Tengah'),
(1771, 17, 'Kota Bengkulu'),
(1801, 18, 'Kab. Lampung Barat'),
(1802, 18, 'Kab. Tanggamus'),
(1803, 18, 'Kab. Lampung Selatan'),
(1804, 18, 'Kab. Lampung Timur'),
(1805, 18, 'Kab. Lampung Tengah'),
(1806, 18, 'Kab. Lampung Utara'),
(1807, 18, 'Kab. Way Kanan'),
(1808, 18, 'Kab. Tulangbawang'),
(1809, 18, 'Kab. Pesawaran'),
(1810, 18, 'Kab. Pringsewu'),
(1811, 18, 'Kab. Mesuji'),
(1812, 18, 'Kab. Tulang Bawang Barat'),
(1813, 18, 'Kab. Pesisir Barat'),
(1871, 18, 'Kota Bandar Lampung'),
(1872, 18, 'Kota Metro'),
(1901, 19, 'Kab. Bangka'),
(1902, 19, 'Kab. Belitung'),
(1903, 19, 'Kab. Bangka Barat'),
(1904, 19, 'Kab. Bangka Tengah'),
(1905, 19, 'Kab. Bangka Selatan'),
(1906, 19, 'Kab. Belitung Timur'),
(1971, 19, 'Kota Pangkal Pinang'),
(2101, 21, 'Kab. Karimun'),
(2102, 21, 'Kab. Bintan'),
(2103, 21, 'Kab. Natuna'),
(2104, 21, 'Kab. Lingga'),
(2105, 21, 'Kab. Kepulauan Anambas'),
(2171, 21, 'Kota B A T A M'),
(2172, 21, 'Kota Tanjung Pinang'),
(3101, 31, 'Kab. Kepulauan Seribu'),
(3171, 31, 'Kota Jakarta Selatan'),
(3172, 31, 'Kota Jakarta Timur'),
(3173, 31, 'Kota Jakarta Pusat'),
(3174, 31, 'Kota Jakarta Barat'),
(3175, 31, 'Kota Jakarta Utara'),
(3201, 32, 'Kab. Bogor'),
(3202, 32, 'Kab. Sukabumi'),
(3203, 32, 'Kab. Cianjur'),
(3204, 32, 'Kab. Bandung'),
(3205, 32, 'Kab. Garut'),
(3206, 32, 'Kab. Tasikmalaya'),
(3207, 32, 'Kab. Ciamis'),
(3208, 32, 'Kab. Kuningan'),
(3209, 32, 'Kab. Cirebon'),
(3210, 32, 'Kab. Majalengka'),
(3211, 32, 'Kab. Sumedang'),
(3212, 32, 'Kab. Indramayu'),
(3213, 32, 'Kab. Subang'),
(3214, 32, 'Kab. Purwakarta'),
(3215, 32, 'Kab. Karawang'),
(3216, 32, 'Kab. Bekasi'),
(3217, 32, 'Kab. Bandung Barat'),
(3218, 32, 'Kab. Pangandaran'),
(3271, 32, 'Kota Bogor'),
(3272, 32, 'Kota Sukabumi'),
(3273, 32, 'Kota Bandung'),
(3274, 32, 'Kota Cirebon'),
(3275, 32, 'Kota Bekasi'),
(3276, 32, 'Kota Depok'),
(3277, 32, 'Kota Cimahi'),
(3278, 32, 'Kota Tasikmalaya'),
(3279, 32, 'Kota Banjar'),
(3301, 33, 'Kab. Cilacap'),
(3302, 33, 'Kab. Banyumas'),
(3303, 33, 'Kab. Purbalingga'),
(3304, 33, 'Kab. Banjarnegara'),
(3305, 33, 'Kab. Kebumen'),
(3306, 33, 'Kab. Purworejo'),
(3307, 33, 'Kab. Wonosobo'),
(3308, 33, 'Kab. Magelang'),
(3309, 33, 'Kab. Boyolali'),
(3310, 33, 'Kab. Klaten'),
(3311, 33, 'Kab. Sukoharjo'),
(3312, 33, 'Kab. Wonogiri'),
(3313, 33, 'Kab. Karanganyar'),
(3314, 33, 'Kab. Sragen'),
(3315, 33, 'Kab. Grobogan'),
(3316, 33, 'Kab. Blora'),
(3317, 33, 'Kab. Rembang'),
(3318, 33, 'Kab. Pati'),
(3319, 33, 'Kab. Kudus'),
(3320, 33, 'Kab. Jepara'),
(3321, 33, 'Kab. Demak'),
(3322, 33, 'Kab. Semarang'),
(3323, 33, 'Kab. Temanggung'),
(3324, 33, 'Kab. Kendal'),
(3325, 33, 'Kab. Batang'),
(3326, 33, 'Kab. Pekalongan'),
(3327, 33, 'Kab. Pemalang'),
(3328, 33, 'Kab. Tegal'),
(3329, 33, 'Kab. Brebes'),
(3371, 33, 'Kota Magelang'),
(3372, 33, 'Kota Surakarta'),
(3373, 33, 'Kota Salatiga'),
(3374, 33, 'Kota Semarang'),
(3375, 33, 'Kota Pekalongan'),
(3376, 33, 'Kota Tegal'),
(3401, 34, 'Kab. Kulon Progo'),
(3402, 34, 'Kab. Bantul'),
(3403, 34, 'Kab. Gunung Kidul'),
(3404, 34, 'Kab. Sleman'),
(3471, 34, 'Kota Yogyakarta'),
(3501, 35, 'Kab. Pacitan'),
(3502, 35, 'Kab. Ponorogo'),
(3503, 35, 'Kab. Trenggalek'),
(3504, 35, 'Kab. Tulungagung'),
(3505, 35, 'Kab. Blitar'),
(3506, 35, 'Kab. Kediri'),
(3507, 35, 'Kab. Malang'),
(3508, 35, 'Kab. Lumajang'),
(3509, 35, 'Kab. Jember'),
(3510, 35, 'Kab. Banyuwangi'),
(3511, 35, 'Kab. Bondowoso'),
(3512, 35, 'Kab. Situbondo'),
(3513, 35, 'Kab. Probolinggo'),
(3514, 35, 'Kab. Pasuruan'),
(3515, 35, 'Kab. Sidoarjo'),
(3516, 35, 'Kab. Mojokerto'),
(3517, 35, 'Kab. Jombang'),
(3518, 35, 'Kab. Nganjuk'),
(3519, 35, 'Kab. Madiun'),
(3520, 35, 'Kab. Magetan'),
(3521, 35, 'Kab. Ngawi'),
(3522, 35, 'Kab. Bojonegoro'),
(3523, 35, 'Kab. Tuban'),
(3524, 35, 'Kab. Lamongan'),
(3525, 35, 'Kab. Gresik'),
(3526, 35, 'Kab. Bangkalan'),
(3527, 35, 'Kab. Sampang'),
(3528, 35, 'Kab. Pamekasan'),
(3529, 35, 'Kab. Sumenep'),
(3571, 35, 'Kota Kediri'),
(3572, 35, 'Kota Blitar'),
(3573, 35, 'Kota Malang'),
(3574, 35, 'Kota Probolinggo'),
(3575, 35, 'Kota Pasuruan'),
(3576, 35, 'Kota Mojokerto'),
(3577, 35, 'Kota Madiun'),
(3578, 35, 'Kota Surabaya'),
(3579, 35, 'Kota Batu'),
(3601, 36, 'Kab. Pandeglang'),
(3602, 36, 'Kab. Lebak'),
(3603, 36, 'Kab. Tangerang'),
(3604, 36, 'Kab. Serang'),
(3671, 36, 'Kota Tangerang'),
(3672, 36, 'Kota Cilegon'),
(3673, 36, 'Kota Serang'),
(3674, 36, 'Kota Tangerang Selatan'),
(5101, 51, 'Kab. Jembrana'),
(5102, 51, 'Kab. Tabanan'),
(5103, 51, 'Kab. Badung'),
(5104, 51, 'Kab. Gianyar'),
(5105, 51, 'Kab. Klungkung'),
(5106, 51, 'Kab. Bangli'),
(5107, 51, 'Kab. Karang Asem'),
(5108, 51, 'Kab. Buleleng'),
(5171, 51, 'Kota Denpasar'),
(5201, 52, 'Kab. Lombok Barat'),
(5202, 52, 'Kab. Lombok Tengah'),
(5203, 52, 'Kab. Lombok Timur'),
(5204, 52, 'Kab. Sumbawa'),
(5205, 52, 'Kab. Dompu'),
(5206, 52, 'Kab. Bima'),
(5207, 52, 'Kab. Sumbawa Barat'),
(5208, 52, 'Kab. Lombok Utara'),
(5271, 52, 'Kota Mataram'),
(5272, 52, 'Kota Bima'),
(5301, 53, 'Kab. Sumba Barat'),
(5302, 53, 'Kab. Sumba Timur'),
(5303, 53, 'Kab. Kupang'),
(5304, 53, 'Kab. Timor Tengah Selatan'),
(5305, 53, 'Kab. Timor Tengah Utara'),
(5306, 53, 'Kab. Belu'),
(5307, 53, 'Kab. Alor'),
(5308, 53, 'Kab. Lembata'),
(5309, 53, 'Kab. Flores Timur'),
(5310, 53, 'Kab. Sikka'),
(5311, 53, 'Kab. Ende'),
(5312, 53, 'Kab. Ngada'),
(5313, 53, 'Kab. Manggarai'),
(5314, 53, 'Kab. Rote Ndao'),
(5315, 53, 'Kab. Manggarai Barat'),
(5316, 53, 'Kab. Sumba Tengah'),
(5317, 53, 'Kab. Sumba Barat Daya'),
(5318, 53, 'Kab. Nagekeo'),
(5319, 53, 'Kab. Manggarai Timur'),
(5320, 53, 'Kab. Sabu Raijua'),
(5371, 53, 'Kota Kupang'),
(6101, 61, 'Kab. Sambas'),
(6102, 61, 'Kab. Bengkayang'),
(6103, 61, 'Kab. Landak'),
(6104, 61, 'Kab. Pontianak'),
(6105, 61, 'Kab. Sanggau'),
(6106, 61, 'Kab. Ketapang'),
(6107, 61, 'Kab. Sintang'),
(6108, 61, 'Kab. Kapuas Hulu'),
(6109, 61, 'Kab. Sekadau'),
(6110, 61, 'Kab. Melawi'),
(6111, 61, 'Kab. Kayong Utara'),
(6112, 61, 'Kab. Kubu Raya'),
(6171, 61, 'Kota Pontianak'),
(6172, 61, 'Kota Singkawang'),
(6201, 62, 'Kab. Kotawaringin Barat'),
(6202, 62, 'Kab. Kotawaringin Timur'),
(6203, 62, 'Kab. Kapuas'),
(6204, 62, 'Kab. Barito Selatan'),
(6205, 62, 'Kab. Barito Utara'),
(6206, 62, 'Kab. Sukamara'),
(6207, 62, 'Kab. Lamandau'),
(6208, 62, 'Kab. Seruyan'),
(6209, 62, 'Kab. Katingan'),
(6210, 62, 'Kab. Pulang Pisau'),
(6211, 62, 'Kab. Gunung Mas'),
(6212, 62, 'Kab. Barito Timur'),
(6213, 62, 'Kab. Murung Raya'),
(6271, 62, 'Kota Palangka Raya'),
(6301, 63, 'Kab. Tanah Laut'),
(6302, 63, 'Kab. Kota Baru'),
(6303, 63, 'Kab. Banjar'),
(6304, 63, 'Kab. Barito Kuala'),
(6305, 63, 'Kab. Tapin'),
(6306, 63, 'Kab. Hulu Sungai Selatan'),
(6307, 63, 'Kab. Hulu Sungai Tengah'),
(6308, 63, 'Kab. Hulu Sungai Utara'),
(6309, 63, 'Kab. Tabalong'),
(6310, 63, 'Kab. Tanah Bumbu'),
(6311, 63, 'Kab. Balangan'),
(6371, 63, 'Kota Banjarmasin'),
(6372, 63, 'Kota Banjar Baru'),
(6401, 64, 'Kab. Paser'),
(6402, 64, 'Kab. Kutai Barat'),
(6403, 64, 'Kab. Kutai Kartanegara'),
(6404, 64, 'Kab. Kutai Timur'),
(6405, 64, 'Kab. Berau'),
(6409, 64, 'Kab. Penajam Paser Utara'),
(6471, 64, 'Kota Balikpapan'),
(6472, 64, 'Kota Samarinda'),
(6474, 64, 'Kota Bontang'),
(6501, 65, 'Kab. Malinau'),
(6502, 65, 'Kab. Bulungan'),
(6503, 65, 'Kab. Tana Tidung'),
(6504, 65, 'Kab. Nunukan'),
(6571, 65, 'Kota Tarakan'),
(7101, 71, 'Kab. Bolaang Mongondow'),
(7102, 71, 'Kab. Minahasa'),
(7103, 71, 'Kab. Kepulauan Sangihe'),
(7104, 71, 'Kab. Kepulauan Talaud'),
(7105, 71, 'Kab. Minahasa Selatan'),
(7106, 71, 'Kab. Minahasa Utara'),
(7107, 71, 'Kab. Bolaang Mongondow Utara'),
(7108, 71, 'Kab. Siau Tagulandang Biaro'),
(7109, 71, 'Kab. Minahasa Tenggara'),
(7110, 71, 'Kab. Bolaang Mongondow Selatan'),
(7111, 71, 'Kab. Bolaang Mongondow Timur'),
(7171, 71, 'Kota Manado'),
(7172, 71, 'Kota Bitung'),
(7173, 71, 'Kota Tomohon'),
(7174, 71, 'Kota Kotamobagu'),
(7201, 72, 'Kab. Banggai Kepulauan'),
(7202, 72, 'Kab. Banggai'),
(7203, 72, 'Kab. Morowali'),
(7204, 72, 'Kab. Poso'),
(7205, 72, 'Kab. Donggala'),
(7206, 72, 'Kab. Toli-toli'),
(7207, 72, 'Kab. Buol'),
(7208, 72, 'Kab. Parigi Moutong'),
(7209, 72, 'Kab. Tojo Una-una'),
(7210, 72, 'Kab. Sigi'),
(7271, 72, 'Kota Palu'),
(7301, 73, 'Kab. Kepulauan Selayar'),
(7302, 73, 'Kab. Bulukumba'),
(7303, 73, 'Kab. Bantaeng'),
(7304, 73, 'Kab. Jeneponto'),
(7305, 73, 'Kab. Takalar'),
(7306, 73, 'Kab. Gowa'),
(7307, 73, 'Kab. Sinjai'),
(7308, 73, 'Kab. Maros'),
(7309, 73, 'Kab. Pangkajene Dan Kepulauan'),
(7310, 73, 'Kab. Barru'),
(7311, 73, 'Kab. Bone'),
(7312, 73, 'Kab. Soppeng'),
(7313, 73, 'Kab. Wajo'),
(7314, 73, 'Kab. Sidenreng Rappang'),
(7315, 73, 'Kab. Pinrang'),
(7316, 73, 'Kab. Enrekang'),
(7317, 73, 'Kab. Luwu'),
(7318, 73, 'Kab. Tana Toraja'),
(7322, 73, 'Kab. Luwu Utara'),
(7325, 73, 'Kab. Luwu Timur'),
(7326, 73, 'Kab. Toraja Utara'),
(7371, 73, 'Kota Makassar'),
(7372, 73, 'Kota Parepare'),
(7373, 73, 'Kota Palopo'),
(7401, 74, 'Kab. Buton'),
(7402, 74, 'Kab. Muna'),
(7403, 74, 'Kab. Konawe'),
(7404, 74, 'Kab. Kolaka'),
(7405, 74, 'Kab. Konawe Selatan'),
(7406, 74, 'Kab. Bombana'),
(7407, 74, 'Kab. Wakatobi'),
(7408, 74, 'Kab. Kolaka Utara'),
(7409, 74, 'Kab. Buton Utara'),
(7410, 74, 'Kab. Konawe Utara'),
(7471, 74, 'Kota Kendari'),
(7472, 74, 'Kota Baubau'),
(7501, 75, 'Kab. Boalemo'),
(7502, 75, 'Kab. Gorontalo'),
(7503, 75, 'Kab. Pohuwato'),
(7504, 75, 'Kab. Bone Bolango'),
(7505, 75, 'Kab. Gorontalo Utara'),
(7571, 75, 'Kota Gorontalo'),
(7601, 76, 'Kab. Majene'),
(7602, 76, 'Kab. Polewali Mandar'),
(7603, 76, 'Kab. Mamasa'),
(7604, 76, 'Kab. Mamuju'),
(7605, 76, 'Kab. Mamuju Utara'),
(8101, 81, 'Kab. Maluku Tenggara Barat'),
(8102, 81, 'Kab. Maluku Tenggara'),
(8103, 81, 'Kab. Maluku Tengah'),
(8104, 81, 'Kab. Buru'),
(8105, 81, 'Kab. Kepulauan Aru'),
(8106, 81, 'Kab. Seram Bagian Barat'),
(8107, 81, 'Kab. Seram Bagian Timur'),
(8108, 81, 'Kab. Maluku Barat Daya'),
(8109, 81, 'Kab. Buru Selatan'),
(8171, 81, 'Kota Ambon'),
(8172, 81, 'Kota Tual'),
(8201, 82, 'Kab. Halmahera Barat'),
(8202, 82, 'Kab. Halmahera Tengah'),
(8203, 82, 'Kab. Kepulauan Sula'),
(8204, 82, 'Kab. Halmahera Selatan'),
(8205, 82, 'Kab. Halmahera Utara'),
(8206, 82, 'Kab. Halmahera Timur'),
(8207, 82, 'Kab. Pulau Morotai'),
(8271, 82, 'Kota Ternate'),
(8272, 82, 'Kota Tidore Kepulauan'),
(9101, 91, 'Kab. Fakfak'),
(9102, 91, 'Kab. Kaimana'),
(9103, 91, 'Kab. Teluk Wondama'),
(9104, 91, 'Kab. Teluk Bintuni'),
(9105, 91, 'Kab. Manokwari'),
(9106, 91, 'Kab. Sorong Selatan'),
(9107, 91, 'Kab. Sorong'),
(9108, 91, 'Kab. Raja Ampat'),
(9109, 91, 'Kab. Tambrauw'),
(9110, 91, 'Kab. Maybrat'),
(9171, 91, 'Kota Sorong'),
(9401, 94, 'Kab. Merauke'),
(9402, 94, 'Kab. Jayawijaya'),
(9403, 94, 'Kab. Jayapura'),
(9404, 94, 'Kab. Nabire'),
(9408, 94, 'Kab. Kepulauan Yapen'),
(9409, 94, 'Kab. Biak Numfor'),
(9410, 94, 'Kab. Paniai'),
(9411, 94, 'Kab. Puncak Jaya'),
(9412, 94, 'Kab. Mimika'),
(9413, 94, 'Kab. Boven Digoel'),
(9414, 94, 'Kab. Mappi'),
(9415, 94, 'Kab. Asmat'),
(9416, 94, 'Kab. Yahukimo'),
(9417, 94, 'Kab. Pegunungan Bintang'),
(9418, 94, 'Kab. Tolikara'),
(9419, 94, 'Kab. Sarmi'),
(9420, 94, 'Kab. Keerom'),
(9426, 94, 'Kab. Waropen'),
(9427, 94, 'Kab. Supiori'),
(9428, 94, 'Kab. Mamberamo Raya'),
(9429, 94, 'Kab. Nduga'),
(9430, 94, 'Kab. Lanny Jaya'),
(9431, 94, 'Kab. Mamberamo Tengah'),
(9432, 94, 'Kab. Yalimo'),
(9433, 94, 'Kab. Puncak'),
(9434, 94, 'Kab. Dogiyai'),
(9435, 94, 'Kab. Intan Jaya'),
(9436, 94, 'Kab. Deiyai'),
(9471, 94, 'Kota Jayapura');

-- --------------------------------------------------------

--
-- Struktur dari tabel `komentar`
--

CREATE TABLE `komentar` (
  `id_komentar` int(11) NOT NULL,
  `waktu` timestamp NOT NULL DEFAULT current_timestamp(),
  `komen` text NOT NULL,
  `publish` enum('Ya','Tidak') NOT NULL,
  `id_berita` int(11) NOT NULL,
  `id` int(11) NOT NULL
) ENGINE=InnoDB DEFAULT CHARSET=latin1;

--
-- Dumping data untuk tabel `komentar`
--

INSERT INTO `komentar` (`id_komentar`, `waktu`, `komen`, `publish`, `id_berita`, `id`) VALUES
(9, '2017-12-21 01:36:01', 'woalaa...', 'Ya', 7, 1),
(10, '2017-12-21 01:38:00', 'joss', 'Ya', 7, 2),
(11, '2017-12-21 01:40:47', 'pagi', 'Ya', 7, 3);

-- --------------------------------------------------------

--
-- Struktur dari tabel `provinsi`
--

CREATE TABLE `provinsi` (
  `id_provinsi` int(4) NOT NULL,
  `nama_provinsi` varchar(30) NOT NULL
) ENGINE=InnoDB DEFAULT CHARSET=latin1;

--
-- Dumping data untuk tabel `provinsi`
--

INSERT INTO `provinsi` (`id_provinsi`, `nama_provinsi`) VALUES
(11, 'Aceh'),
(12, 'Sumatera Utara'),
(13, 'Sumatera Barat'),
(14, 'Riau'),
(15, 'Jambi'),
(16, 'Sumatera Selatan'),
(17, 'Bengkulu'),
(18, 'Lampung'),
(19, 'Kepulauan Bangka Belitung'),
(21, 'Kepulauan Riau'),
(31, 'Dki Jakarta'),
(32, 'Jawa Barat'),
(33, 'Jawa Tengah'),
(34, 'Di Yogyakarta'),
(35, 'Jawa Timur'),
(36, 'Banten'),
(51, 'Bali'),
(52, 'Nusa Tenggara Barat'),
(53, 'Nusa Tenggara Timur'),
(61, 'Kalimantan Barat'),
(62, 'Kalimantan Tengah'),
(63, 'Kalimantan Selatan'),
(64, 'Kalimantan Timur'),
(65, 'Kalimantan Utara'),
(71, 'Sulawesi Utara'),
(72, 'Sulawesi Tengah'),
(73, 'Sulawesi Selatan'),
(74, 'Sulawesi Tenggara'),
(75, 'Gorontalo'),
(76, 'Sulawesi Barat'),
(81, 'Maluku'),
(82, 'Maluku Utara'),
(91, 'Papua Barat'),
(94, 'Papua');

-- --------------------------------------------------------

--
-- Struktur dari tabel `testimoni`
--

CREATE TABLE `testimoni` (
  `id_testimoni` int(11) NOT NULL,
  `nama` varchar(100) NOT NULL,
  `isi_testimoni` text NOT NULL,
  `foto` text NOT NULL,
  `keterangan` varchar(100) NOT NULL,
  `publish` enum('Ya','Tidak') NOT NULL
) ENGINE=InnoDB DEFAULT CHARSET=latin1;

--
-- Dumping data untuk tabel `testimoni`
--

INSERT INTO `testimoni` (`id_testimoni`, `nama`, `isi_testimoni`, `foto`, `keterangan`, `publish`) VALUES
(8, 'kamal', 'sekolah kita sedang direnovasi', 'profile-pic.jpg', 'Staff IT di BRI', 'Ya'),
(9, 'dimas', 'hallo...', 'avatar4.png', 'Mahasiswa Udayana', 'Tidak'),
(10, 'dim', 'selamat pagi', 'profile-pic.jpg', 'Mahasiswa UNS', 'Ya');

--
-- Indexes for dumped tables
--

--
-- Indeks untuk tabel `admin`
--
ALTER TABLE `admin`
  ADD PRIMARY KEY (`id`);

--
-- Indeks untuk tabel `agenda`
--
ALTER TABLE `agenda`
  ADD PRIMARY KEY (`id_agenda`);

--
-- Indeks untuk tabel `album`
--
ALTER TABLE `album`
  ADD PRIMARY KEY (`id_album`);

--
-- Indeks untuk tabel `alumni`
--
ALTER TABLE `alumni`
  ADD PRIMARY KEY (`id`),
  ADD KEY `id_asrama` (`id_asrama`),
  ADD KEY `id_kabupaten` (`id_kabupaten`),
  ADD KEY `id_provinsi` (`id_provinsi`);

--
-- Indeks untuk tabel `asrama`
--
ALTER TABLE `asrama`
  ADD PRIMARY KEY (`id_asrama`);

--
-- Indeks untuk tabel `berita`
--
ALTER TABLE `berita`
  ADD PRIMARY KEY (`id_berita`);

--
-- Indeks untuk tabel `config`
--
ALTER TABLE `config`
  ADD PRIMARY KEY (`id_config`);

--
-- Indeks untuk tabel `galeri`
--
ALTER TABLE `galeri`
  ADD PRIMARY KEY (`id_galeri`),
  ADD KEY `id_album` (`id_album`);

--
-- Indeks untuk tabel `kabupaten`
--
ALTER TABLE `kabupaten`
  ADD PRIMARY KEY (`id_kabupaten`),
  ADD KEY `id_provinsi` (`id_provinsi`);

--
-- Indeks untuk tabel `komentar`
--
ALTER TABLE `komentar`
  ADD PRIMARY KEY (`id_komentar`),
  ADD KEY `id_berita` (`id_berita`),
  ADD KEY `id` (`id`);

--
-- Indeks untuk tabel `provinsi`
--
ALTER TABLE `provinsi`
  ADD PRIMARY KEY (`id_provinsi`);

--
-- Indeks untuk tabel `testimoni`
--
ALTER TABLE `testimoni`
  ADD PRIMARY KEY (`id_testimoni`);

--
-- AUTO_INCREMENT untuk tabel yang dibuang
--

--
-- AUTO_INCREMENT untuk tabel `admin`
--
ALTER TABLE `admin`
  MODIFY `id` int(5) NOT NULL AUTO_INCREMENT, AUTO_INCREMENT=6;

--
-- AUTO_INCREMENT untuk tabel `agenda`
--
ALTER TABLE `agenda`
  MODIFY `id_agenda` int(5) NOT NULL AUTO_INCREMENT, AUTO_INCREMENT=9;

--
-- AUTO_INCREMENT untuk tabel `album`
--
ALTER TABLE `album`
  MODIFY `id_album` int(11) NOT NULL AUTO_INCREMENT, AUTO_INCREMENT=5;

--
-- AUTO_INCREMENT untuk tabel `alumni`
--
ALTER TABLE `alumni`
  MODIFY `id` int(11) NOT NULL AUTO_INCREMENT, AUTO_INCREMENT=22;

--
-- AUTO_INCREMENT untuk tabel `asrama`
--
ALTER TABLE `asrama`
  MODIFY `id_asrama` int(5) NOT NULL AUTO_INCREMENT, AUTO_INCREMENT=7;

--
-- AUTO_INCREMENT untuk tabel `berita`
--
ALTER TABLE `berita`
  MODIFY `id_berita` int(11) NOT NULL AUTO_INCREMENT, AUTO_INCREMENT=11;

--
-- AUTO_INCREMENT untuk tabel `config`
--
ALTER TABLE `config`
  MODIFY `id_config` int(11) NOT NULL AUTO_INCREMENT, AUTO_INCREMENT=12;

--
-- AUTO_INCREMENT untuk tabel `galeri`
--
ALTER TABLE `galeri`
  MODIFY `id_galeri` int(11) NOT NULL AUTO_INCREMENT, AUTO_INCREMENT=79;

--
-- AUTO_INCREMENT untuk tabel `komentar`
--
ALTER TABLE `komentar`
  MODIFY `id_komentar` int(11) NOT NULL AUTO_INCREMENT, AUTO_INCREMENT=12;

--
-- AUTO_INCREMENT untuk tabel `testimoni`
--
ALTER TABLE `testimoni`
  MODIFY `id_testimoni` int(11) NOT NULL AUTO_INCREMENT, AUTO_INCREMENT=11;

--
-- Ketidakleluasaan untuk tabel pelimpahan (Dumped Tables)
--

--
-- Ketidakleluasaan untuk tabel `galeri`
--
ALTER TABLE `galeri`
  ADD CONSTRAINT `galeri_ibfk_1` FOREIGN KEY (`id_album`) REFERENCES `album` (`id_album`) ON DELETE CASCADE ON UPDATE CASCADE;

--
-- Ketidakleluasaan untuk tabel `kabupaten`
--
ALTER TABLE `kabupaten`
  ADD CONSTRAINT `kabupaten_ibfk_1` FOREIGN KEY (`id_provinsi`) REFERENCES `provinsi` (`id_provinsi`) ON DELETE CASCADE ON UPDATE CASCADE;
COMMIT;

/*!40101 SET CHARACTER_SET_CLIENT=@OLD_CHARACTER_SET_CLIENT */;
/*!40101 SET CHARACTER_SET_RESULTS=@OLD_CHARACTER_SET_RESULTS */;
/*!40101 SET COLLATION_CONNECTION=@OLD_COLLATION_CONNECTION */;
